supplier,platform,sentiment,score,note,source
Tianyu Gems,Reddit/community + supplier site,Positive,4.4,Frequently treated as a higher-quality overseas custom option; include as quality baseline.,https://www.reddit.com/r/Moissanite/wiki/list/
Paston Jewelry,Reddit/community + Alibaba,Positive,4.2,Strong fit for Alibaba quote workflow; useful for Trade Assurance and direct factory comparison.,https://pastonjewelry.en.alibaba.com/
Fiorese Jewelry,Reddit/community + supplier site,Positive,4.1,"Good candidate when IGI report number, laser inscription proof, and stone transparency matter.",https://fioresejewelry.com/
LGG Jewelry / Igg Jewelry,Reddit/community + supplier site,Positive/limited,4,Promising lab-diamond-specific quote candidate; validate process and payment channel.,https://www.lggjewelry.com/
Provence Gems,Reddit/community + Alibaba,Mixed,3.5,"Large known vendor with competitive pricing, but use strict spec control and QC checkpoints.",https://gzprovence.en.alibaba.com/
StarsGem,Reference listing + community,Mixed/known,3.7,"Exact reference design is useful, but pasted listing indicated no certificate for that item.",https://starsgemmall.com/#/detail?=25751_14K+Yellow+Gold+Lab+Diamond+Necklace+1.095ct+AuDP0000190Y-P2.html
Mona Fine Jewelry,Reddit/community,Positive but less Alibaba-oriented,3.6,"Legit community name, but less ideal if Alibaba Trade Assurance is a hard requirement.",https://www.reddit.com/r/Moissanite/wiki/list/
Kuololit,Reddit/community,Mixed/value,3,"Value-oriented; fine for simple stock-style builds, less natural for certified custom pear pendant.",https://www.reddit.com/r/Moissanite/wiki/list/
Messi Gems,Alibaba/community,Caution,2.8,"Real supplier profile, but verify certificate and stone identity before any deposit.",https://www.alibaba.com/showroom/messi-gems.html
Ouros / Goldenbird,Community/direct site,Caution,2.5,Known name but not first-wave for this Alibaba-oriented sourcing flow.,https://www.goldenbirdjewels.com/