supplier,contact,channel,status,priority,rfqSent,responseDue,lastContact,followUpDue,baseQuote,igiFee,cadFee,shipping,dutyReserve,landed,leadTime,priceScore,qualityScore,specScore,certScore,commScore,paymentScore,timelineScore,weightedScore,certRequired,igiReport,certVerified,cadReceived,stoneVideo,qcPassed,riskFlags,notes,conversationLog,source
Tianyu Gems,,Website / WhatsApp / Alibaba if available,Target,1,,,,,,,,,0.08,,,,4.4,,4.2,,4,,,Yes,,No,No,No,No,Can cost more than budget factories; confirm chain weight and pear video before deposit.,"Quote certified and uncertified pear options; request CAD, stone video, finished gold weight, and payment via Alibaba if available.",,https://www.tygems.net/
Paston Jewelry,,Alibaba,Target,2,,,,,,,,,0.08,,,,4.2,,3.9,,4.5,,,Yes,,No,No,No,No,Get stone details in writing; do not accept generic certificate images.,"Use Alibaba RFQ; ask for line-item quote with IGI add-on, chain specs, lead time, and QC milestones.",,https://pastonjewelry.en.alibaba.com/
Fiorese Jewelry,,Website / WhatsApp / Alibaba if available,Target,3,,,,,,,,,0.08,,,,4.1,,4.5,,3.5,,,Yes,,No,No,No,No,Potentially higher quote; make sure payment protection terms are explicit.,"Ask for pear options with IGI report number, laser inscription proof, and no-stone-substitution language.",,https://fioresejewelry.com/
LGG Jewelry / Igg Jewelry,,Website / WhatsApp / Alibaba if available,Target,4,,,,,,,,,0.08,,,,4,,4,,3.5,,,Yes,,No,No,No,No,"Less price history in this exact necklace category; verify channel, terms, and QC process.","Ask for certified pear options, CAD timing, finished gold weight, and whether payment can be done with buyer protection.",,https://www.lggjewelry.com/
Provence Gems,,Alibaba,Target,5,,,,,,,,,0.08,,,,3.5,,3.5,,4.5,,,Yes,,No,No,No,No,"Mixed community sentiment; use tight written specs, CAD signoff, and pre-shipment checks.",Ask for the same spec as Tianyu/Paston and require stone videos before any final payment.,,https://gzprovence.en.alibaba.com/
StarsGem,,StarsGem mall / Alibaba follow-up,Target,6,,,,,,,,,0.08,,,,3.7,,3,,4,,,Yes,,No,No,No,No,The supplied listing text says none certified; do not assume IGI unless they provide a report number.,Ask if this exact design can be remade with an IGI pear and a heavier/confirmed 14k chain.,,https://starsgemmall.com/#/detail?=25751_14K+Yellow+Gold+Lab+Diamond+Necklace+1.095ct+AuDP0000190Y-P2.html
Mona Fine Jewelry,,Website / WhatsApp / Alibaba if available,Backup,7,,,,,,,,,0.08,,,,3.6,,3.4,,2.8,,,Yes,,No,No,No,No,Harder to compare factory-level terms; buyer protection and timeline need extra clarity.,"Ask for a written invoice, stone sourcing process, and exact refund/remake policy before proceeding.",,https://www.reddit.com/r/Moissanite/wiki/list/
Kuololit,,Website / WhatsApp / Alibaba if available,Backup,8,,,,,,,,,0.08,,,,3,,2.8,,3.2,,,Yes,,No,No,No,No,Less natural fit for a custom IGI pear pendant; communication/QC can be more variable.,"Ask whether they can do original CAD and certified pear sourcing, not only adapt a stock listing.",,https://www.reddit.com/r/Moissanite/wiki/list/
Messi Gems,,Website / WhatsApp / Alibaba if available,Backup,9,,,,,,,,,0.08,,,,2.8,,3,,3.8,,,Yes,,No,No,No,No,Community evidence is thinner and includes serious certificate/stone-substitution concerns; verify hard.,"If quoted, require IGI number before deposit and no-substitution language on the order.",,https://www.alibaba.com/showroom/messi-gems.html
Ouros / Goldenbird,,Website / WhatsApp / Alibaba if available,Backup,10,,,,,,,,,0.08,,,,2.5,,3.2,,2.8,,,Yes,,No,No,No,No,Recent community caution signals mean it should not be the first choice for a sentimental custom piece.,"Ask for written stone sourcing, certification, refund, and inspection process before quote comparison.",,https://www.goldenbirdjewels.com/