rank,supplier,shortlist,type,quoteRole,bestUse,expectedPrice,sentiment,certificateConfidence,paymentProtection,tradeAssurance,risk,firstAsk,source
1,Tianyu Gems,Yes,Wuzhou custom factory,Quality baseline,"Custom 14k/18k fine jewelry when cut quality, CAD discipline, and finish matter.",Medium-high,4.4,4.2,4,Likely; confirm order channel,Can cost more than budget factories; confirm chain weight and pear video before deposit.,"Quote certified and uncertified pear options; request CAD, stone video, finished gold weight, and payment via Alibaba if available.",https://www.tygems.net/
2,Paston Jewelry,Yes,Alibaba-first custom jewelry supplier,Best Alibaba quote candidate,"Apples-to-apples Alibaba RFQ with Trade Assurance, custom necklace build, and written specs.",Medium,4.2,3.9,4.5,Yes; confirm the specific order is covered,Get stone details in writing; do not accept generic certificate images.,"Use Alibaba RFQ; ask for line-item quote with IGI add-on, chain specs, lead time, and QC milestones.",https://pastonjewelry.en.alibaba.com/
3,Fiorese Jewelry,Yes,Custom lab diamond jewelry seller,Certification/transparency baseline,Lab-diamond-forward custom work where IGI report numbers and stone control are important.,Medium-high,4.1,4.5,3.5,Confirm; may be direct-site or invoice workflow,Potentially higher quote; make sure payment protection terms are explicit.,"Ask for pear options with IGI report number, laser inscription proof, and no-stone-substitution language.",https://fioresejewelry.com/
4,LGG Jewelry / Igg Jewelry,Yes,Lab diamond and custom jewelry supplier,Lab-diamond-specific candidate,Quote candidate if you want lab diamond sourcing to be central rather than an add-on.,Medium,4,4,3.5,Confirm,"Less price history in this exact necklace category; verify channel, terms, and QC process.","Ask for certified pear options, CAD timing, finished gold weight, and whether payment can be done with buyer protection.",https://www.lggjewelry.com/
5,Provence Gems,Yes,Wuzhou volume custom jewelry vendor,Price pressure / volume benchmark,Competitive quote to test the floor price for a 14k custom lab diamond pendant.,Low-medium,3.5,3.5,4.5,Yes; confirm the specific order is covered,"Mixed community sentiment; use tight written specs, CAD signoff, and pre-shipment checks.",Ask for the same spec as Tianyu/Paston and require stone videos before any final payment.,https://gzprovence.en.alibaba.com/
6,StarsGem,Yes,Reference seller and Wuzhou custom factory,Reference design / price baseline,Baseline for the exact visual design; useful if they can customize certificate and chain specs.,Low-medium,3.7,3,4,Confirm; mall listing may not equal Alibaba order,The supplied listing text says none certified; do not assume IGI unless they provide a report number.,Ask if this exact design can be remade with an IGI pear and a heavier/confirmed 14k chain.,https://starsgemmall.com/#/detail?=25751_14K+Yellow+Gold+Lab+Diamond+Necklace+1.095ct+AuDP0000190Y-P2.html
7,Mona Fine Jewelry,Backup,Small custom jeweler / direct rep,Personal-service backup,More individual custom workflow if you value rep taste and handholding over Alibaba process.,Medium-high,3.6,3.4,2.8,Usually not Alibaba-first; confirm,Harder to compare factory-level terms; buyer protection and timeline need extra clarity.,"Ask for a written invoice, stone sourcing process, and exact refund/remake policy before proceeding.",https://www.reddit.com/r/Moissanite/wiki/list/
8,Kuololit,Backup,Catalog/value seller with some custom work,Budget backup,Simple stock-style 14k pieces; only use for this if quote is much cheaper and specs are nailed down.,Low,3,2.8,3.2,Confirm; often AliExpress-style flow,Less natural fit for a custom IGI pear pendant; communication/QC can be more variable.,"Ask whether they can do original CAD and certified pear sourcing, not only adapt a stock listing.",https://www.reddit.com/r/Moissanite/wiki/list/
9,Messi Gems,Watchlist,Wuzhou custom jewelry supplier,Optional comparison,Maybe quote only if first-wave options disappoint or you need another Wuzhou price point.,Low-medium,2.8,3,3.8,Confirm,Community evidence is thinner and includes serious certificate/stone-substitution concerns; verify hard.,"If quoted, require IGI number before deposit and no-substitution language on the order.",https://www.alibaba.com/showroom/messi-gems.html
10,Ouros / Goldenbird,Skip unless compelling,India-based custom/lab diamond seller,Not first-wave,Use only if you already like a specific listing or want an India-based comparison.,Medium,2.5,3.2,2.8,Not Alibaba-first; confirm,Recent community caution signals mean it should not be the first choice for a sentimental custom piece.,"Ask for written stone sourcing, certification, refund, and inspection process before quote comparison.",https://www.goldenbirdjewels.com/